model_id,model,publisher,family_id,repository_revision,kind,architecture,parameters_b_state,parameters_b,parameter_scope_note,active_b_state,active_b,context_state,context_tokens,context_note,persian_evidence,license,commercial_use_state,commercial_use,applications,evidence_ids
model:baai-bge-m3,bge-m3,BAAI,family:bge,5617a9f61b028005a4858fdac845db406aefb181,embedding,dense,unknown,,شمار کل با دامنهٔ یکنواخت تأیید نشده؛ شمار جزء زبانی، فعال یا ذخیره‌شده جای آن ننشسته است.,not-applicable,,known,8192,ظرفیت اعلام‌شدهٔ ناشر؛ ارزیابی کیفیت بلندمتن در این بسته ثبت نشده است.,not-evaluated,MIT,known,allowed,enterprise-rag,evidence:baai-bge-m3-card;evidence:baai-bge-m3-metadata;evidence:baai-bge-m3-parameters;evidence:baai-bge-m3-license;evidence:baai-bge-m3-context;evidence:baai-bge-m3-config
model:baai-bge-reranker-v2-m3,bge-reranker-v2-m3,BAAI,family:bge,953dc6f6f85a1b2dbfca4c34a2796e7dde08d41e,reranker,dense,unknown,,شمار کل با دامنهٔ یکنواخت تأیید نشده؛ شمار جزء زبانی، فعال یا ذخیره‌شده جای آن ننشسته است.,not-applicable,,unknown,,حد واقعی ورودی از مثال max_length یا شمار موقعیت config استنتاج نشده است.,not-evaluated,Apache-2.0,known,allowed,enterprise-rag,evidence:baai-bge-reranker-v2-m3-card;evidence:baai-bge-reranker-v2-m3-metadata;evidence:baai-bge-reranker-v2-m3-parameters;evidence:baai-bge-reranker-v2-m3-license;evidence:baai-bge-reranker-v2-m3-context;evidence:baai-bge-reranker-v2-m3-config
model:coherelabs-aya-expanse-32b,aya-expanse-32b,Cohere Labs,family:aya-cohere,b306ea27e360683b50c005d7fcbad6a242317910,generative,dense,known,32.0,اعداد پارامتر معرفی مدل، گرد‌شده‌اند؛ safetensors.total شمار عناصر ذخیره‌شده است و الزاماً پارامتر یکتا نیست.,not-applicable,,known,131072,ظرفیت اعلام‌شدهٔ ناشر؛ ارزیابی کیفیت بلندمتن در این بسته ثبت نشده است.,publisher-claimed,CC-BY-NC-4.0 + Cohere Acceptable Use Policy,known,prohibited,text-work,evidence:coherelabs-aya-expanse-32b-card;evidence:coherelabs-aya-expanse-32b-metadata;evidence:coherelabs-aya-expanse-32b-parameters;evidence:coherelabs-aya-expanse-32b-license;evidence:coherelabs-aya-expanse-32b-context
model:coherelabs-aya-expanse-8b,aya-expanse-8b,Cohere Labs,family:aya-cohere,5062468bf9bc0c6035fd64e06274333ec127d980,generative,dense,known,8.0,اعداد پارامتر معرفی مدل، گرد‌شده‌اند؛ safetensors.total شمار عناصر ذخیره‌شده است و الزاماً پارامتر یکتا نیست.,not-applicable,,known,8192,ظرفیت اعلام‌شدهٔ ناشر؛ ارزیابی کیفیت بلندمتن در این بسته ثبت نشده است.,publisher-claimed,CC-BY-NC-4.0 + Cohere Acceptable Use Policy,known,prohibited,text-work,evidence:coherelabs-aya-expanse-8b-card;evidence:coherelabs-aya-expanse-8b-metadata;evidence:coherelabs-aya-expanse-8b-parameters;evidence:coherelabs-aya-expanse-8b-license;evidence:coherelabs-aya-expanse-8b-context
model:coherelabs-tiny-aya-global,tiny-aya-global,Cohere Labs,family:aya-cohere,00590ff258ccd84a805f13efcd1c34c2a542654f,generative,dense,known,3.35,اعداد پارامتر معرفی مدل، گرد‌شده‌اند؛ safetensors.total شمار عناصر ذخیره‌شده است و الزاماً پارامتر یکتا نیست.,not-applicable,,unknown,,منبع برای Tiny Aya ورودی 8K و خروجی 8K را جدا گفته؛ پنجرهٔ ترکیبی بدون ابهام مشخص نیست.,publisher-claimed,CC-BY-NC-4.0 + Cohere Acceptable Use Policy,known,prohibited,text-work,evidence:coherelabs-tiny-aya-global-card;evidence:coherelabs-tiny-aya-global-metadata;evidence:coherelabs-tiny-aya-global-parameters;evidence:coherelabs-tiny-aya-global-license;evidence:coherelabs-tiny-aya-global-context
model:huggingfacetb-smollm2-1-7b-instruct,SmolLM2-1.7B-Instruct,Hugging Face,family:smollm,31b70e2e869a7173562077fd711b654946d38674,generative,dense,known,1.7,اعداد پارامتر معرفی مدل، گرد‌شده‌اند؛ safetensors.total شمار عناصر ذخیره‌شده است و الزاماً پارامتر یکتا نیست.,not-applicable,,unknown,,برای این گونه، سقف زمینهٔ اعلام‌شده با دامنهٔ روشن در این بسته تأیید نشده؛ مقدار max_position_embeddings فقط در دادهٔ پژوهشی نگه داشته شده است.,not-evaluated,Apache-2.0,known,allowed,text-work,evidence:huggingfacetb-smollm2-1-7b-instruct-card;evidence:huggingfacetb-smollm2-1-7b-instruct-metadata;evidence:huggingfacetb-smollm2-1-7b-instruct-parameters;evidence:huggingfacetb-smollm2-1-7b-instruct-license;evidence:huggingfacetb-smollm2-1-7b-instruct-config
model:huggingfacetb-smollm2-135m-instruct,SmolLM2-135M-Instruct,Hugging Face,family:smollm,12fd25f77366fa6b3b4b768ec3050bf629380bac,generative,dense,known,0.135,اعداد پارامتر معرفی مدل، گرد‌شده‌اند؛ safetensors.total شمار عناصر ذخیره‌شده است و الزاماً پارامتر یکتا نیست.,not-applicable,,unknown,,برای این گونه، سقف زمینهٔ اعلام‌شده با دامنهٔ روشن در این بسته تأیید نشده؛ مقدار max_position_embeddings فقط در دادهٔ پژوهشی نگه داشته شده است.,not-evaluated,Apache-2.0,known,allowed,text-work,evidence:huggingfacetb-smollm2-135m-instruct-card;evidence:huggingfacetb-smollm2-135m-instruct-metadata;evidence:huggingfacetb-smollm2-135m-instruct-parameters;evidence:huggingfacetb-smollm2-135m-instruct-license;evidence:huggingfacetb-smollm2-135m-instruct-config
model:huggingfacetb-smollm2-360m-instruct,SmolLM2-360M-Instruct,Hugging Face,family:smollm,a10cc1512eabd3dde888204e902eca88bddb4951,generative,dense,known,0.36,اعداد پارامتر معرفی مدل، گرد‌شده‌اند؛ safetensors.total شمار عناصر ذخیره‌شده است و الزاماً پارامتر یکتا نیست.,not-applicable,,unknown,,برای این گونه، سقف زمینهٔ اعلام‌شده با دامنهٔ روشن در این بسته تأیید نشده؛ مقدار max_position_embeddings فقط در دادهٔ پژوهشی نگه داشته شده است.,not-evaluated,Apache-2.0,known,allowed,text-work,evidence:huggingfacetb-smollm2-360m-instruct-card;evidence:huggingfacetb-smollm2-360m-instruct-metadata;evidence:huggingfacetb-smollm2-360m-instruct-parameters;evidence:huggingfacetb-smollm2-360m-instruct-license;evidence:huggingfacetb-smollm2-360m-instruct-config
model:huggingfacetb-smollm3-3b,SmolLM3-3B,Hugging Face,family:smollm,a07cc9a04f16550a088caea529712d1d335b0ac1,generative,dense,known,3.0,اعداد پارامتر معرفی مدل، گرد‌شده‌اند؛ safetensors.total شمار عناصر ذخیره‌شده است و الزاماً پارامتر یکتا نیست.,not-applicable,,unknown,,برای این گونه، سقف زمینهٔ اعلام‌شده با دامنهٔ روشن در این بسته تأیید نشده؛ مقدار max_position_embeddings فقط در دادهٔ پژوهشی نگه داشته شده است.,not-evaluated,Apache-2.0,known,allowed,text-work;reasoning-analysis;agents-tools,evidence:huggingfacetb-smollm3-3b-card;evidence:huggingfacetb-smollm3-3b-metadata;evidence:huggingfacetb-smollm3-3b-parameters;evidence:huggingfacetb-smollm3-3b-license;evidence:huggingfacetb-smollm3-3b-config
model:qwen-qwen3-0-6b,Qwen3-0.6B,Qwen / Alibaba Cloud,family:qwen,c1899de289a04d12100db370d81485cdf75e47ca,generative,dense,known,0.6,اعداد پارامتر معرفی مدل، گرد‌شده‌اند؛ safetensors.total شمار عناصر ذخیره‌شده است و الزاماً پارامتر یکتا نیست.,not-applicable,,known,32768,ظرفیت اعلام‌شدهٔ ناشر؛ ارزیابی کیفیت بلندمتن در این بسته ثبت نشده است. مقدار native یا جدول مشخصات استفاده شده؛ config ممکن است 40960 باشد.,not-evaluated,Apache-2.0,known,allowed,text-work;coding-assistant;reasoning-analysis;agents-tools,evidence:qwen-qwen3-0-6b-card;evidence:qwen-qwen3-0-6b-metadata;evidence:qwen-qwen3-0-6b-parameters;evidence:qwen-qwen3-0-6b-license;evidence:qwen-qwen3-0-6b-context;evidence:qwen-qwen3-0-6b-config
model:qwen-qwen3-1-7b,Qwen3-1.7B,Qwen / Alibaba Cloud,family:qwen,70d244cc86ccca08cf5af4e1e306ecf908b1ad5e,generative,dense,known,1.7,اعداد پارامتر معرفی مدل، گرد‌شده‌اند؛ safetensors.total شمار عناصر ذخیره‌شده است و الزاماً پارامتر یکتا نیست.,not-applicable,,known,32768,ظرفیت اعلام‌شدهٔ ناشر؛ ارزیابی کیفیت بلندمتن در این بسته ثبت نشده است. مقدار native یا جدول مشخصات استفاده شده؛ config ممکن است 40960 باشد.,not-evaluated,Apache-2.0,known,allowed,text-work;coding-assistant;reasoning-analysis;agents-tools,evidence:qwen-qwen3-1-7b-card;evidence:qwen-qwen3-1-7b-metadata;evidence:qwen-qwen3-1-7b-parameters;evidence:qwen-qwen3-1-7b-license;evidence:qwen-qwen3-1-7b-context;evidence:qwen-qwen3-1-7b-config
model:qwen-qwen3-14b,Qwen3-14B,Qwen / Alibaba Cloud,family:qwen,40c069824f4251a91eefaf281ebe4c544efd3e18,generative,dense,known,14.8,اعداد پارامتر معرفی مدل، گرد‌شده‌اند؛ safetensors.total شمار عناصر ذخیره‌شده است و الزاماً پارامتر یکتا نیست.,not-applicable,,known,32768,ظرفیت اعلام‌شدهٔ ناشر؛ ارزیابی کیفیت بلندمتن در این بسته ثبت نشده است. مقدار native یا جدول مشخصات استفاده شده؛ config ممکن است 40960 باشد.,not-evaluated,Apache-2.0,known,allowed,text-work;coding-assistant;reasoning-analysis;agents-tools,evidence:qwen-qwen3-14b-card;evidence:qwen-qwen3-14b-metadata;evidence:qwen-qwen3-14b-parameters;evidence:qwen-qwen3-14b-license;evidence:qwen-qwen3-14b-context;evidence:qwen-qwen3-14b-config
model:qwen-qwen3-30b-a3b,Qwen3-30B-A3B,Qwen / Alibaba Cloud,family:qwen,ad44e777bcd18fa416d9da3bd8f70d33ebb85d39,generative,moe,known,30.5,اعداد پارامتر معرفی مدل، گرد‌شده‌اند؛ safetensors.total شمار عناصر ذخیره‌شده است و الزاماً پارامتر یکتا نیست.,known,3.3,known,32768,ظرفیت اعلام‌شدهٔ ناشر؛ ارزیابی کیفیت بلندمتن در این بسته ثبت نشده است. مقدار native یا جدول مشخصات استفاده شده؛ config ممکن است 40960 باشد.,not-evaluated,Apache-2.0,known,allowed,text-work;coding-assistant;reasoning-analysis;agents-tools,evidence:qwen-qwen3-30b-a3b-card;evidence:qwen-qwen3-30b-a3b-metadata;evidence:qwen-qwen3-30b-a3b-parameters;evidence:qwen-qwen3-30b-a3b-license;evidence:qwen-qwen3-30b-a3b-context;evidence:qwen-qwen3-30b-a3b-config
model:qwen-qwen3-32b,Qwen3-32B,Qwen / Alibaba Cloud,family:qwen,9216db5781bf21249d130ec9da846c4624c16137,generative,dense,known,32.8,اعداد پارامتر معرفی مدل، گرد‌شده‌اند؛ safetensors.total شمار عناصر ذخیره‌شده است و الزاماً پارامتر یکتا نیست.,not-applicable,,known,32768,ظرفیت اعلام‌شدهٔ ناشر؛ ارزیابی کیفیت بلندمتن در این بسته ثبت نشده است. مقدار native یا جدول مشخصات استفاده شده؛ config ممکن است 40960 باشد.,not-evaluated,Apache-2.0,known,allowed,text-work;coding-assistant;reasoning-analysis;agents-tools,evidence:qwen-qwen3-32b-card;evidence:qwen-qwen3-32b-metadata;evidence:qwen-qwen3-32b-parameters;evidence:qwen-qwen3-32b-license;evidence:qwen-qwen3-32b-context;evidence:qwen-qwen3-32b-config
model:qwen-qwen3-4b,Qwen3-4B,Qwen / Alibaba Cloud,family:qwen,1cfa9a7208912126459214e8b04321603b3df60c,generative,dense,known,4.0,اعداد پارامتر معرفی مدل، گرد‌شده‌اند؛ safetensors.total شمار عناصر ذخیره‌شده است و الزاماً پارامتر یکتا نیست.,not-applicable,,known,32768,ظرفیت اعلام‌شدهٔ ناشر؛ ارزیابی کیفیت بلندمتن در این بسته ثبت نشده است. مقدار native یا جدول مشخصات استفاده شده؛ config ممکن است 40960 باشد.,not-evaluated,Apache-2.0,known,allowed,text-work;coding-assistant;reasoning-analysis;agents-tools,evidence:qwen-qwen3-4b-card;evidence:qwen-qwen3-4b-metadata;evidence:qwen-qwen3-4b-parameters;evidence:qwen-qwen3-4b-license;evidence:qwen-qwen3-4b-context;evidence:qwen-qwen3-4b-config
model:qwen-qwen3-8b,Qwen3-8B,Qwen / Alibaba Cloud,family:qwen,b968826d9c46dd6066d109eabc6255188de91218,generative,dense,known,8.2,اعداد پارامتر معرفی مدل، گرد‌شده‌اند؛ safetensors.total شمار عناصر ذخیره‌شده است و الزاماً پارامتر یکتا نیست.,not-applicable,,known,32768,ظرفیت اعلام‌شدهٔ ناشر؛ ارزیابی کیفیت بلندمتن در این بسته ثبت نشده است. مقدار native یا جدول مشخصات استفاده شده؛ config ممکن است 40960 باشد.,not-evaluated,Apache-2.0,known,allowed,text-work;coding-assistant;reasoning-analysis;agents-tools,evidence:qwen-qwen3-8b-card;evidence:qwen-qwen3-8b-metadata;evidence:qwen-qwen3-8b-parameters;evidence:qwen-qwen3-8b-license;evidence:qwen-qwen3-8b-context;evidence:qwen-qwen3-8b-config
model:qwen-qwen3-coder-30b-a3b-instruct,Qwen3-Coder-30B-A3B-Instruct,Qwen / Alibaba Cloud,family:qwen,b2cff646eb4bb1d68355c01b18ae02e7cf42d120,generative,moe,known,30.5,اعداد پارامتر معرفی مدل، گرد‌شده‌اند؛ safetensors.total شمار عناصر ذخیره‌شده است و الزاماً پارامتر یکتا نیست.,known,3.3,known,262144,ظرفیت اعلام‌شدهٔ ناشر؛ ارزیابی کیفیت بلندمتن در این بسته ثبت نشده است.,not-evaluated,Apache-2.0,known,allowed,coding-assistant;agents-tools,evidence:qwen-qwen3-coder-30b-a3b-instruct-card;evidence:qwen-qwen3-coder-30b-a3b-instruct-metadata;evidence:qwen-qwen3-coder-30b-a3b-instruct-parameters;evidence:qwen-qwen3-coder-30b-a3b-instruct-license;evidence:qwen-qwen3-coder-30b-a3b-instruct-context;evidence:qwen-qwen3-coder-30b-a3b-instruct-config
model:qwen-qwen3-embedding-0-6b,Qwen3-Embedding-0.6B,Qwen / Alibaba Cloud,family:qwen,97b0c614be4d77ee51c0cef4e5f07c00f9eb65b3,embedding,dense,known,0.6,اعداد پارامتر معرفی مدل، گرد‌شده‌اند؛ safetensors.total شمار عناصر ذخیره‌شده است و الزاماً پارامتر یکتا نیست.,not-applicable,,known,32768,ظرفیت اعلام‌شدهٔ ناشر؛ ارزیابی کیفیت بلندمتن در این بسته ثبت نشده است. مقدار native یا جدول مشخصات استفاده شده؛ config ممکن است 40960 باشد.,not-evaluated,Apache-2.0,known,allowed,enterprise-rag,evidence:qwen-qwen3-embedding-0-6b-card;evidence:qwen-qwen3-embedding-0-6b-metadata;evidence:qwen-qwen3-embedding-0-6b-parameters;evidence:qwen-qwen3-embedding-0-6b-license;evidence:qwen-qwen3-embedding-0-6b-context;evidence:qwen-qwen3-embedding-0-6b-config
model:qwen-qwen3-embedding-4b,Qwen3-Embedding-4B,Qwen / Alibaba Cloud,family:qwen,5cf2132abc99cad020ac570b19d031efec650f2b,embedding,dense,known,4.0,اعداد پارامتر معرفی مدل، گرد‌شده‌اند؛ safetensors.total شمار عناصر ذخیره‌شده است و الزاماً پارامتر یکتا نیست.,not-applicable,,known,32768,ظرفیت اعلام‌شدهٔ ناشر؛ ارزیابی کیفیت بلندمتن در این بسته ثبت نشده است. مقدار native یا جدول مشخصات استفاده شده؛ config ممکن است 40960 باشد.,not-evaluated,Apache-2.0,known,allowed,enterprise-rag,evidence:qwen-qwen3-embedding-4b-card;evidence:qwen-qwen3-embedding-4b-metadata;evidence:qwen-qwen3-embedding-4b-parameters;evidence:qwen-qwen3-embedding-4b-license;evidence:qwen-qwen3-embedding-4b-context;evidence:qwen-qwen3-embedding-4b-config
model:qwen-qwen3-embedding-8b,Qwen3-Embedding-8B,Qwen / Alibaba Cloud,family:qwen,1d8ad4ca9b3dd8059ad90a75d4983776a23d44af,embedding,dense,known,8.0,اعداد پارامتر معرفی مدل، گرد‌شده‌اند؛ safetensors.total شمار عناصر ذخیره‌شده است و الزاماً پارامتر یکتا نیست.,not-applicable,,known,32768,ظرفیت اعلام‌شدهٔ ناشر؛ ارزیابی کیفیت بلندمتن در این بسته ثبت نشده است. مقدار native یا جدول مشخصات استفاده شده؛ config ممکن است 40960 باشد.,not-evaluated,Apache-2.0,known,allowed,enterprise-rag,evidence:qwen-qwen3-embedding-8b-card;evidence:qwen-qwen3-embedding-8b-metadata;evidence:qwen-qwen3-embedding-8b-parameters;evidence:qwen-qwen3-embedding-8b-license;evidence:qwen-qwen3-embedding-8b-context;evidence:qwen-qwen3-embedding-8b-config
model:qwen-qwen3-reranker-0-6b,Qwen3-Reranker-0.6B,Qwen / Alibaba Cloud,family:qwen,e61197ed45024b0ed8a2d74b80b4d909f1255473,reranker,dense,known,0.6,اعداد پارامتر معرفی مدل، گرد‌شده‌اند؛ safetensors.total شمار عناصر ذخیره‌شده است و الزاماً پارامتر یکتا نیست.,not-applicable,,known,32768,ظرفیت اعلام‌شدهٔ ناشر؛ ارزیابی کیفیت بلندمتن در این بسته ثبت نشده است. مقدار native یا جدول مشخصات استفاده شده؛ config ممکن است 40960 باشد.,not-evaluated,Apache-2.0,known,allowed,enterprise-rag,evidence:qwen-qwen3-reranker-0-6b-card;evidence:qwen-qwen3-reranker-0-6b-metadata;evidence:qwen-qwen3-reranker-0-6b-parameters;evidence:qwen-qwen3-reranker-0-6b-license;evidence:qwen-qwen3-reranker-0-6b-context;evidence:qwen-qwen3-reranker-0-6b-config
model:qwen-qwen3-reranker-4b,Qwen3-Reranker-4B,Qwen / Alibaba Cloud,family:qwen,22e683669bc0f0bd69640a1354a6d0aebcfeede5,reranker,dense,known,4.0,اعداد پارامتر معرفی مدل، گرد‌شده‌اند؛ safetensors.total شمار عناصر ذخیره‌شده است و الزاماً پارامتر یکتا نیست.,not-applicable,,known,32768,ظرفیت اعلام‌شدهٔ ناشر؛ ارزیابی کیفیت بلندمتن در این بسته ثبت نشده است. مقدار native یا جدول مشخصات استفاده شده؛ config ممکن است 40960 باشد.,not-evaluated,Apache-2.0,known,allowed,enterprise-rag,evidence:qwen-qwen3-reranker-4b-card;evidence:qwen-qwen3-reranker-4b-metadata;evidence:qwen-qwen3-reranker-4b-parameters;evidence:qwen-qwen3-reranker-4b-license;evidence:qwen-qwen3-reranker-4b-context;evidence:qwen-qwen3-reranker-4b-config
model:qwen-qwen3-reranker-8b,Qwen3-Reranker-8B,Qwen / Alibaba Cloud,family:qwen,77d193c791ed757ca307ee72715aa132723da912,reranker,dense,known,8.0,اعداد پارامتر معرفی مدل، گرد‌شده‌اند؛ safetensors.total شمار عناصر ذخیره‌شده است و الزاماً پارامتر یکتا نیست.,not-applicable,,known,32768,ظرفیت اعلام‌شدهٔ ناشر؛ ارزیابی کیفیت بلندمتن در این بسته ثبت نشده است. مقدار native یا جدول مشخصات استفاده شده؛ config ممکن است 40960 باشد.,not-evaluated,Apache-2.0,known,allowed,enterprise-rag,evidence:qwen-qwen3-reranker-8b-card;evidence:qwen-qwen3-reranker-8b-metadata;evidence:qwen-qwen3-reranker-8b-parameters;evidence:qwen-qwen3-reranker-8b-license;evidence:qwen-qwen3-reranker-8b-context;evidence:qwen-qwen3-reranker-8b-config
model:qwen-qwen3-vl-8b-instruct,Qwen3-VL-8B-Instruct,Qwen / Alibaba Cloud,family:qwen,0c351dd01ed87e9c1b53cbc748cba10e6187ff3b,vision-language,dense,unknown,,شمار کل با دامنهٔ یکنواخت تأیید نشده؛ شمار جزء زبانی، فعال یا ذخیره‌شده جای آن ننشسته است.,not-applicable,,known,262144,ظرفیت اعلام‌شدهٔ ناشر؛ ارزیابی کیفیت بلندمتن در این بسته ثبت نشده است.,not-evaluated,Apache-2.0,known,allowed,text-work;document-vision,evidence:qwen-qwen3-vl-8b-instruct-card;evidence:qwen-qwen3-vl-8b-instruct-metadata;evidence:qwen-qwen3-vl-8b-instruct-parameters;evidence:qwen-qwen3-vl-8b-instruct-license;evidence:qwen-qwen3-vl-8b-instruct-context;evidence:qwen-qwen3-vl-8b-instruct-config
model:qwen-qwen3-5-2b,Qwen3.5-2B,Qwen / Alibaba Cloud,family:qwen,15852e8c16360a2fea060d615a32b45270f8a8fc,vision-language,hybrid,unknown,,شمار کل با دامنهٔ یکنواخت تأیید نشده؛ شمار جزء زبانی، فعال یا ذخیره‌شده جای آن ننشسته است.,unknown,,known,262144,ظرفیت اعلام‌شدهٔ ناشر؛ ارزیابی کیفیت بلندمتن در این بسته ثبت نشده است.,not-evaluated,Apache-2.0,known,allowed,text-work;document-vision,evidence:qwen-qwen3-5-2b-card;evidence:qwen-qwen3-5-2b-metadata;evidence:qwen-qwen3-5-2b-parameters;evidence:qwen-qwen3-5-2b-license;evidence:qwen-qwen3-5-2b-context;evidence:qwen-qwen3-5-2b-config
model:qwen-qwen3-5-35b-a3b,Qwen3.5-35B-A3B,Qwen / Alibaba Cloud,family:qwen,59d61f3ce65a6d9863b86d2e96597125219dc754,vision-language,hybrid,unknown,,شمار کل با دامنهٔ یکنواخت تأیید نشده؛ شمار جزء زبانی، فعال یا ذخیره‌شده جای آن ننشسته است.,unknown,,known,262144,ظرفیت اعلام‌شدهٔ ناشر؛ ارزیابی کیفیت بلندمتن در این بسته ثبت نشده است.,not-evaluated,Apache-2.0,known,allowed,text-work;document-vision,evidence:qwen-qwen3-5-35b-a3b-card;evidence:qwen-qwen3-5-35b-a3b-metadata;evidence:qwen-qwen3-5-35b-a3b-parameters;evidence:qwen-qwen3-5-35b-a3b-license;evidence:qwen-qwen3-5-35b-a3b-context;evidence:qwen-qwen3-5-35b-a3b-config
model:qwen-qwen3-5-4b,Qwen3.5-4B,Qwen / Alibaba Cloud,family:qwen,851bf6e806efd8d0a36b00ddf55e13ccb7b8cd0a,vision-language,hybrid,unknown,,شمار کل با دامنهٔ یکنواخت تأیید نشده؛ شمار جزء زبانی، فعال یا ذخیره‌شده جای آن ننشسته است.,unknown,,known,262144,ظرفیت اعلام‌شدهٔ ناشر؛ ارزیابی کیفیت بلندمتن در این بسته ثبت نشده است.,not-evaluated,Apache-2.0,known,allowed,text-work;document-vision,evidence:qwen-qwen3-5-4b-card;evidence:qwen-qwen3-5-4b-metadata;evidence:qwen-qwen3-5-4b-parameters;evidence:qwen-qwen3-5-4b-license;evidence:qwen-qwen3-5-4b-context;evidence:qwen-qwen3-5-4b-config
model:qwen-qwen3-5-9b,Qwen3.5-9B,Qwen / Alibaba Cloud,family:qwen,c202236235762e1c871ad0ccb60c8ee5ba337b9a,vision-language,hybrid,unknown,,شمار کل با دامنهٔ یکنواخت تأیید نشده؛ شمار جزء زبانی، فعال یا ذخیره‌شده جای آن ننشسته است.,unknown,,known,262144,ظرفیت اعلام‌شدهٔ ناشر؛ ارزیابی کیفیت بلندمتن در این بسته ثبت نشده است.,not-evaluated,Apache-2.0,known,allowed,text-work;document-vision,evidence:qwen-qwen3-5-9b-card;evidence:qwen-qwen3-5-9b-metadata;evidence:qwen-qwen3-5-9b-parameters;evidence:qwen-qwen3-5-9b-license;evidence:qwen-qwen3-5-9b-context;evidence:qwen-qwen3-5-9b-config
model:qwen-qwen3-8-27b,Qwen3.8-27B,Qwen / Alibaba Cloud,family:qwen,1d4bf0f2ff6012fd82039f2fa52739d0dd7c60c0,vision-language,hybrid,unknown,,شمار کل با دامنهٔ یکنواخت تأیید نشده؛ شمار جزء زبانی، فعال یا ذخیره‌شده جای آن ننشسته است.,unknown,,known,262144,ظرفیت اعلام‌شدهٔ ناشر؛ ارزیابی کیفیت بلندمتن در این بسته ثبت نشده است.,not-evaluated,Apache-2.0,known,allowed,text-work;document-vision,evidence:qwen-qwen3-8-27b-card;evidence:qwen-qwen3-8-27b-metadata;evidence:qwen-qwen3-8-27b-parameters;evidence:qwen-qwen3-8-27b-license;evidence:qwen-qwen3-8-27b-context;evidence:qwen-qwen3-8-27b-config
model:allenai-olmo-3-7b-instruct,Olmo-3-7B-Instruct,Allen Institute for AI,family:olmo,6e5971d9eba42665f5bd5a0fcf047f299ce1dccc,generative,dense,known,7.0,اعداد پارامتر معرفی مدل، گرد‌شده‌اند؛ safetensors.total شمار عناصر ذخیره‌شده است و الزاماً پارامتر یکتا نیست.,not-applicable,,unknown,,برای این گونه، سقف زمینهٔ اعلام‌شده با دامنهٔ روشن در این بسته تأیید نشده؛ مقدار max_position_embeddings فقط در دادهٔ پژوهشی نگه داشته شده است.,not-evaluated,Apache-2.0,known,allowed,text-work,evidence:allenai-olmo-3-7b-instruct-card;evidence:allenai-olmo-3-7b-instruct-metadata;evidence:allenai-olmo-3-7b-instruct-parameters;evidence:allenai-olmo-3-7b-instruct-license;evidence:allenai-olmo-3-7b-instruct-config
model:deepseek-ai-deepseek-r1-0528-qwen3-8b,DeepSeek-R1-0528-Qwen3-8B,DeepSeek,family:deepseek,6e8885a6ff5c1dc5201574c8fd700323f23c25fa,generative,dense,known,8.0,اعداد پارامتر معرفی مدل، گرد‌شده‌اند؛ safetensors.total شمار عناصر ذخیره‌شده است و الزاماً پارامتر یکتا نیست.,not-applicable,,unknown,,برای این گونه، سقف زمینهٔ اعلام‌شده با دامنهٔ روشن در این بسته تأیید نشده؛ مقدار max_position_embeddings فقط در دادهٔ پژوهشی نگه داشته شده است.,not-evaluated,MIT,known,allowed,text-work;coding-assistant;reasoning-analysis,evidence:deepseek-ai-deepseek-r1-0528-qwen3-8b-card;evidence:deepseek-ai-deepseek-r1-0528-qwen3-8b-metadata;evidence:deepseek-ai-deepseek-r1-0528-qwen3-8b-parameters;evidence:deepseek-ai-deepseek-r1-0528-qwen3-8b-license;evidence:deepseek-ai-deepseek-r1-0528-qwen3-8b-config
model:deepseek-ai-deepseek-r1-distill-llama-70b,DeepSeek-R1-Distill-Llama-70B,DeepSeek,family:deepseek,b1c0b44b4369b597ad119a196caf79a9c40e141e,generative,dense,known,70.0,اعداد پارامتر معرفی مدل، گرد‌شده‌اند؛ safetensors.total شمار عناصر ذخیره‌شده است و الزاماً پارامتر یکتا نیست.,not-applicable,,unknown,,برای این گونه، سقف زمینهٔ اعلام‌شده با دامنهٔ روشن در این بسته تأیید نشده؛ مقدار max_position_embeddings فقط در دادهٔ پژوهشی نگه داشته شده است.,not-evaluated,MIT + underlying Llama 3.3 terms,unknown,,text-work;coding-assistant;reasoning-analysis,evidence:deepseek-ai-deepseek-r1-distill-llama-70b-card;evidence:deepseek-ai-deepseek-r1-distill-llama-70b-metadata;evidence:deepseek-ai-deepseek-r1-distill-llama-70b-parameters;evidence:deepseek-ai-deepseek-r1-distill-llama-70b-license;evidence:deepseek-ai-deepseek-r1-distill-llama-70b-config
model:deepseek-ai-deepseek-r1-distill-qwen-1-5b,DeepSeek-R1-Distill-Qwen-1.5B,DeepSeek,family:deepseek,ad9f0ae0864d7fbcd1cd905e3c6c5b069cc8b562,generative,dense,known,1.5,اعداد پارامتر معرفی مدل، گرد‌شده‌اند؛ safetensors.total شمار عناصر ذخیره‌شده است و الزاماً پارامتر یکتا نیست.,not-applicable,,unknown,,برای این گونه، سقف زمینهٔ اعلام‌شده با دامنهٔ روشن در این بسته تأیید نشده؛ مقدار max_position_embeddings فقط در دادهٔ پژوهشی نگه داشته شده است.,not-evaluated,MIT,known,allowed,text-work;coding-assistant;reasoning-analysis,evidence:deepseek-ai-deepseek-r1-distill-qwen-1-5b-card;evidence:deepseek-ai-deepseek-r1-distill-qwen-1-5b-metadata;evidence:deepseek-ai-deepseek-r1-distill-qwen-1-5b-parameters;evidence:deepseek-ai-deepseek-r1-distill-qwen-1-5b-license;evidence:deepseek-ai-deepseek-r1-distill-qwen-1-5b-config
model:deepseek-ai-deepseek-r1-distill-qwen-14b,DeepSeek-R1-Distill-Qwen-14B,DeepSeek,family:deepseek,1df8507178afcc1bef68cd8c393f61a886323761,generative,dense,known,14.0,اعداد پارامتر معرفی مدل، گرد‌شده‌اند؛ safetensors.total شمار عناصر ذخیره‌شده است و الزاماً پارامتر یکتا نیست.,not-applicable,,unknown,,برای این گونه، سقف زمینهٔ اعلام‌شده با دامنهٔ روشن در این بسته تأیید نشده؛ مقدار max_position_embeddings فقط در دادهٔ پژوهشی نگه داشته شده است.,not-evaluated,MIT,known,allowed,text-work;coding-assistant;reasoning-analysis,evidence:deepseek-ai-deepseek-r1-distill-qwen-14b-card;evidence:deepseek-ai-deepseek-r1-distill-qwen-14b-metadata;evidence:deepseek-ai-deepseek-r1-distill-qwen-14b-parameters;evidence:deepseek-ai-deepseek-r1-distill-qwen-14b-license;evidence:deepseek-ai-deepseek-r1-distill-qwen-14b-config
model:deepseek-ai-deepseek-r1-distill-qwen-32b,DeepSeek-R1-Distill-Qwen-32B,DeepSeek,family:deepseek,711ad2ea6aa40cfca18895e8aca02ab92df1a746,generative,dense,known,32.0,اعداد پارامتر معرفی مدل، گرد‌شده‌اند؛ safetensors.total شمار عناصر ذخیره‌شده است و الزاماً پارامتر یکتا نیست.,not-applicable,,unknown,,برای این گونه، سقف زمینهٔ اعلام‌شده با دامنهٔ روشن در این بسته تأیید نشده؛ مقدار max_position_embeddings فقط در دادهٔ پژوهشی نگه داشته شده است.,not-evaluated,MIT,known,allowed,text-work;coding-assistant;reasoning-analysis,evidence:deepseek-ai-deepseek-r1-distill-qwen-32b-card;evidence:deepseek-ai-deepseek-r1-distill-qwen-32b-metadata;evidence:deepseek-ai-deepseek-r1-distill-qwen-32b-parameters;evidence:deepseek-ai-deepseek-r1-distill-qwen-32b-license;evidence:deepseek-ai-deepseek-r1-distill-qwen-32b-config
model:deepseek-ai-deepseek-r1-distill-qwen-7b,DeepSeek-R1-Distill-Qwen-7B,DeepSeek,family:deepseek,916b56a44061fd5cd7d6a8fb632557ed4f724f60,generative,dense,known,7.0,اعداد پارامتر معرفی مدل، گرد‌شده‌اند؛ safetensors.total شمار عناصر ذخیره‌شده است و الزاماً پارامتر یکتا نیست.,not-applicable,,unknown,,برای این گونه، سقف زمینهٔ اعلام‌شده با دامنهٔ روشن در این بسته تأیید نشده؛ مقدار max_position_embeddings فقط در دادهٔ پژوهشی نگه داشته شده است.,not-evaluated,MIT,known,allowed,text-work;coding-assistant;reasoning-analysis,evidence:deepseek-ai-deepseek-r1-distill-qwen-7b-card;evidence:deepseek-ai-deepseek-r1-distill-qwen-7b-metadata;evidence:deepseek-ai-deepseek-r1-distill-qwen-7b-parameters;evidence:deepseek-ai-deepseek-r1-distill-qwen-7b-license;evidence:deepseek-ai-deepseek-r1-distill-qwen-7b-config
model:deepseek-ai-deepseek-v3-2,DeepSeek-V3.2,DeepSeek,family:deepseek,a7e62ac04ecb2c0a54d736dc46601c5606cf10a6,generative,moe,unknown,,شمار کل با دامنهٔ یکنواخت تأیید نشده؛ شمار جزء زبانی، فعال یا ذخیره‌شده جای آن ننشسته است.,unknown,,unknown,,برای این گونه، سقف زمینهٔ اعلام‌شده با دامنهٔ روشن در این بسته تأیید نشده؛ مقدار max_position_embeddings فقط در دادهٔ پژوهشی نگه داشته شده است.,not-evaluated,MIT,known,allowed,text-work;coding-assistant;reasoning-analysis,evidence:deepseek-ai-deepseek-v3-2-card;evidence:deepseek-ai-deepseek-v3-2-metadata;evidence:deepseek-ai-deepseek-v3-2-parameters;evidence:deepseek-ai-deepseek-v3-2-license;evidence:deepseek-ai-deepseek-v3-2-config
model:deepseek-ai-deepseek-v4-1-flash,DeepSeek-V4.1-Flash,DeepSeek,family:deepseek,dba1be0a40aa45a94ad051997016db3960a90277,vision-language,hybrid,unknown,,شمار کل با دامنهٔ یکنواخت تأیید نشده؛ شمار جزء زبانی، فعال یا ذخیره‌شده جای آن ننشسته است.,unknown,,unknown,,برای این گونه، سقف زمینهٔ اعلام‌شده با دامنهٔ روشن در این بسته تأیید نشده؛ مقدار max_position_embeddings فقط در دادهٔ پژوهشی نگه داشته شده است.,not-evaluated,MIT,known,allowed,text-work;coding-assistant;reasoning-analysis;document-vision,evidence:deepseek-ai-deepseek-v4-1-flash-card;evidence:deepseek-ai-deepseek-v4-1-flash-metadata;evidence:deepseek-ai-deepseek-v4-1-flash-parameters;evidence:deepseek-ai-deepseek-v4-1-flash-license;evidence:deepseek-ai-deepseek-v4-1-flash-config
model:google-gemma-3-12b-it,gemma-3-12b-it,Google DeepMind,family:gemma,96b6f1eccf38110c56df3a15bffe176da04bfd80,vision-language,dense,known,12.0,اعداد پارامتر معرفی مدل، گرد‌شده‌اند؛ safetensors.total شمار عناصر ذخیره‌شده است و الزاماً پارامتر یکتا نیست. اندازهٔ اسمی گونهٔ چندوجهی است؛ اجزای تصویر جداگانه اندازه‌گیری نشده‌اند.,not-applicable,,known,131072,ظرفیت اعلام‌شدهٔ ناشر؛ ارزیابی کیفیت بلندمتن در این بسته ثبت نشده است. کارت طول ورودی و سقف خروجی را جدا گزارش می‌کند؛ سقف خروجی را به پنجره اضافه نکنید.,not-evaluated,gemma,unknown,,text-work;document-vision,evidence:google-gemma-3-12b-it-card;evidence:google-gemma-3-12b-it-metadata;evidence:google-gemma-3-12b-it-parameters;evidence:google-gemma-3-12b-it-license;evidence:google-gemma-3-12b-it-context
model:google-gemma-3-1b-it,gemma-3-1b-it,Google DeepMind,family:gemma,dcc83ea841ab6100d6b47a070329e1ba4cf78752,generative,dense,known,1.0,اعداد پارامتر معرفی مدل، گرد‌شده‌اند؛ safetensors.total شمار عناصر ذخیره‌شده است و الزاماً پارامتر یکتا نیست.,not-applicable,,known,32768,ظرفیت اعلام‌شدهٔ ناشر؛ ارزیابی کیفیت بلندمتن در این بسته ثبت نشده است. کارت طول ورودی و سقف خروجی را جدا گزارش می‌کند؛ سقف خروجی را به پنجره اضافه نکنید.,not-evaluated,gemma,unknown,,text-work,evidence:google-gemma-3-1b-it-card;evidence:google-gemma-3-1b-it-metadata;evidence:google-gemma-3-1b-it-parameters;evidence:google-gemma-3-1b-it-license;evidence:google-gemma-3-1b-it-context
model:google-gemma-3-27b-it,gemma-3-27b-it,Google DeepMind,family:gemma,005ad3404e59d6023443cb575daa05336842228a,vision-language,dense,known,27.0,اعداد پارامتر معرفی مدل، گرد‌شده‌اند؛ safetensors.total شمار عناصر ذخیره‌شده است و الزاماً پارامتر یکتا نیست. اندازهٔ اسمی گونهٔ چندوجهی است؛ اجزای تصویر جداگانه اندازه‌گیری نشده‌اند.,not-applicable,,known,131072,ظرفیت اعلام‌شدهٔ ناشر؛ ارزیابی کیفیت بلندمتن در این بسته ثبت نشده است. کارت طول ورودی و سقف خروجی را جدا گزارش می‌کند؛ سقف خروجی را به پنجره اضافه نکنید.,not-evaluated,gemma,unknown,,text-work;document-vision,evidence:google-gemma-3-27b-it-card;evidence:google-gemma-3-27b-it-metadata;evidence:google-gemma-3-27b-it-parameters;evidence:google-gemma-3-27b-it-license;evidence:google-gemma-3-27b-it-context
model:google-gemma-3-4b-it,gemma-3-4b-it,Google DeepMind,family:gemma,093f9f388b31de276ce2de164bdc2081324b9767,vision-language,dense,known,4.0,اعداد پارامتر معرفی مدل، گرد‌شده‌اند؛ safetensors.total شمار عناصر ذخیره‌شده است و الزاماً پارامتر یکتا نیست. اندازهٔ اسمی گونهٔ چندوجهی است؛ اجزای تصویر جداگانه اندازه‌گیری نشده‌اند.,not-applicable,,known,131072,ظرفیت اعلام‌شدهٔ ناشر؛ ارزیابی کیفیت بلندمتن در این بسته ثبت نشده است. کارت طول ورودی و سقف خروجی را جدا گزارش می‌کند؛ سقف خروجی را به پنجره اضافه نکنید.,not-evaluated,gemma,unknown,,text-work;document-vision,evidence:google-gemma-3-4b-it-card;evidence:google-gemma-3-4b-it-metadata;evidence:google-gemma-3-4b-it-parameters;evidence:google-gemma-3-4b-it-license;evidence:google-gemma-3-4b-it-context
model:google-gemma-4-26b-a4b-it,gemma-4-26B-A4B-it,Google DeepMind,family:gemma,4d7ae4984b7db7de8f8457170b3f1a419ee76d52,vision-language,moe,unknown,,شمار کل با دامنهٔ یکنواخت تأیید نشده؛ شمار جزء زبانی، فعال یا ذخیره‌شده جای آن ننشسته است.,unknown,,known,262144,ظرفیت اعلام‌شدهٔ ناشر؛ ارزیابی کیفیت بلندمتن در این بسته ثبت نشده است.,not-evaluated,Apache-2.0,known,allowed,text-work;document-vision,evidence:google-gemma-4-26b-a4b-it-card;evidence:google-gemma-4-26b-a4b-it-metadata;evidence:google-gemma-4-26b-a4b-it-parameters;evidence:google-gemma-4-26b-a4b-it-license;evidence:google-gemma-4-26b-a4b-it-context;evidence:google-gemma-4-26b-a4b-it-config
model:google-gemma-4-e2b-it,gemma-4-E2B-it,Google DeepMind,family:gemma,3e22461f65e89153144f8adb70e3b8c2cc9845a7,vision-language,dense,unknown,,شمار کل با دامنهٔ یکنواخت تأیید نشده؛ شمار جزء زبانی، فعال یا ذخیره‌شده جای آن ننشسته است.,not-applicable,,known,131072,ظرفیت اعلام‌شدهٔ ناشر؛ ارزیابی کیفیت بلندمتن در این بسته ثبت نشده است.,not-evaluated,Apache-2.0,known,allowed,text-work;document-vision,evidence:google-gemma-4-e2b-it-card;evidence:google-gemma-4-e2b-it-metadata;evidence:google-gemma-4-e2b-it-parameters;evidence:google-gemma-4-e2b-it-license;evidence:google-gemma-4-e2b-it-context;evidence:google-gemma-4-e2b-it-config
model:ibm-granite-granite-3-3-2b-instruct,granite-3.3-2b-instruct,IBM,family:granite,707f574c62054322f6b5b04b6d075f0a8f05e0f0,generative,dense,known,2.0,اعداد پارامتر معرفی مدل، گرد‌شده‌اند؛ safetensors.total شمار عناصر ذخیره‌شده است و الزاماً پارامتر یکتا نیست.,not-applicable,,known,131072,ظرفیت اعلام‌شدهٔ ناشر؛ ارزیابی کیفیت بلندمتن در این بسته ثبت نشده است.,not-evaluated,Apache-2.0,known,allowed,text-work;enterprise-rag;structured-extraction;coding-assistant;agents-tools;reasoning-analysis,evidence:ibm-granite-granite-3-3-2b-instruct-card;evidence:ibm-granite-granite-3-3-2b-instruct-metadata;evidence:ibm-granite-granite-3-3-2b-instruct-parameters;evidence:ibm-granite-granite-3-3-2b-instruct-license;evidence:ibm-granite-granite-3-3-2b-instruct-context;evidence:ibm-granite-granite-3-3-2b-instruct-config
model:intfloat-multilingual-e5-small,multilingual-e5-small,intfloat / multilingual E5 authors,family:e5,614241f622f53c4eeff9890bdc4f31cfecc418b3,embedding,dense,unknown,,شمار کل با دامنهٔ یکنواخت تأیید نشده؛ شمار جزء زبانی، فعال یا ذخیره‌شده جای آن ننشسته است.,not-applicable,,known,512,ظرفیت اعلام‌شدهٔ ناشر؛ ارزیابی کیفیت بلندمتن در این بسته ثبت نشده است.,publisher-claimed,MIT,known,allowed,enterprise-rag,evidence:intfloat-multilingual-e5-small-card;evidence:intfloat-multilingual-e5-small-metadata;evidence:intfloat-multilingual-e5-small-parameters;evidence:intfloat-multilingual-e5-small-license;evidence:intfloat-multilingual-e5-small-context;evidence:intfloat-multilingual-e5-small-config
model:meta-llama-llama-3-1-70b-instruct,Llama-3.1-70B-Instruct,Meta,family:llama,1605565b47bb9346c5515c34102e054115b4f98b,generative,dense,known,70.0,اعداد پارامتر معرفی مدل، گرد‌شده‌اند؛ safetensors.total شمار عناصر ذخیره‌شده است و الزاماً پارامتر یکتا نیست.,not-applicable,,known,131072,ظرفیت اعلام‌شدهٔ ناشر؛ ارزیابی کیفیت بلندمتن در این بسته ثبت نشده است.,not-evaluated,llama3.1,unknown,,text-work,evidence:meta-llama-llama-3-1-70b-instruct-card;evidence:meta-llama-llama-3-1-70b-instruct-metadata;evidence:meta-llama-llama-3-1-70b-instruct-parameters;evidence:meta-llama-llama-3-1-70b-instruct-license;evidence:meta-llama-llama-3-1-70b-instruct-context
model:meta-llama-llama-3-1-8b-instruct,Llama-3.1-8B-Instruct,Meta,family:llama,0e9e39f249a16976918f6564b8830bc894c89659,generative,dense,known,8.0,اعداد پارامتر معرفی مدل، گرد‌شده‌اند؛ safetensors.total شمار عناصر ذخیره‌شده است و الزاماً پارامتر یکتا نیست.,not-applicable,,known,131072,ظرفیت اعلام‌شدهٔ ناشر؛ ارزیابی کیفیت بلندمتن در این بسته ثبت نشده است.,not-evaluated,llama3.1,unknown,,text-work,evidence:meta-llama-llama-3-1-8b-instruct-card;evidence:meta-llama-llama-3-1-8b-instruct-metadata;evidence:meta-llama-llama-3-1-8b-instruct-parameters;evidence:meta-llama-llama-3-1-8b-instruct-license;evidence:meta-llama-llama-3-1-8b-instruct-context
model:meta-llama-llama-3-2-1b-instruct,Llama-3.2-1B-Instruct,Meta,family:llama,9213176726f574b556790deb65791e0c5aa438b6,generative,dense,known,1.0,اعداد پارامتر معرفی مدل، گرد‌شده‌اند؛ safetensors.total شمار عناصر ذخیره‌شده است و الزاماً پارامتر یکتا نیست.,not-applicable,,known,131072,ظرفیت اعلام‌شدهٔ ناشر؛ ارزیابی کیفیت بلندمتن در این بسته ثبت نشده است.,not-evaluated,llama3.2,unknown,,text-work,evidence:meta-llama-llama-3-2-1b-instruct-card;evidence:meta-llama-llama-3-2-1b-instruct-metadata;evidence:meta-llama-llama-3-2-1b-instruct-parameters;evidence:meta-llama-llama-3-2-1b-instruct-license;evidence:meta-llama-llama-3-2-1b-instruct-context
model:meta-llama-llama-3-2-3b-instruct,Llama-3.2-3B-Instruct,Meta,family:llama,0cb88a4f764b7a12671c53f0838cd831a0843b95,generative,dense,known,3.0,اعداد پارامتر معرفی مدل، گرد‌شده‌اند؛ safetensors.total شمار عناصر ذخیره‌شده است و الزاماً پارامتر یکتا نیست.,not-applicable,,known,131072,ظرفیت اعلام‌شدهٔ ناشر؛ ارزیابی کیفیت بلندمتن در این بسته ثبت نشده است.,not-evaluated,llama3.2,unknown,,text-work,evidence:meta-llama-llama-3-2-3b-instruct-card;evidence:meta-llama-llama-3-2-3b-instruct-metadata;evidence:meta-llama-llama-3-2-3b-instruct-parameters;evidence:meta-llama-llama-3-2-3b-instruct-license;evidence:meta-llama-llama-3-2-3b-instruct-context
model:microsoft-phi-4-mini-instruct,Phi-4-mini-instruct,Microsoft,family:phi,cfbefacb99257ffa30c83adab238a50856ac3083,generative,dense,known,3.8,اعداد پارامتر معرفی مدل، گرد‌شده‌اند؛ safetensors.total شمار عناصر ذخیره‌شده است و الزاماً پارامتر یکتا نیست.,not-applicable,,known,131072,ظرفیت اعلام‌شدهٔ ناشر؛ ارزیابی کیفیت بلندمتن در این بسته ثبت نشده است.,not-evaluated,MIT,known,allowed,text-work;reasoning-analysis;coding-assistant,evidence:microsoft-phi-4-mini-instruct-card;evidence:microsoft-phi-4-mini-instruct-metadata;evidence:microsoft-phi-4-mini-instruct-parameters;evidence:microsoft-phi-4-mini-instruct-license;evidence:microsoft-phi-4-mini-instruct-context;evidence:microsoft-phi-4-mini-instruct-config
model:mistralai-devstral-small-2-24b-instruct-2512,Devstral-Small-2-24B-Instruct-2512,Mistral AI,family:mistral,55c5b41e98c2dbd21b0c8afffc540dcfc9eb5128,vision-language,dense,known,24.0,اعداد پارامتر معرفی مدل، گرد‌شده‌اند؛ safetensors.total شمار عناصر ذخیره‌شده است و الزاماً پارامتر یکتا نیست.,not-applicable,,known,262144,ظرفیت اعلام‌شدهٔ ناشر؛ ارزیابی کیفیت بلندمتن در این بسته ثبت نشده است.,not-evaluated,Apache-2.0,known,allowed,coding-assistant;agents-tools;document-vision,evidence:mistralai-devstral-small-2-24b-instruct-2512-card;evidence:mistralai-devstral-small-2-24b-instruct-2512-metadata;evidence:mistralai-devstral-small-2-24b-instruct-2512-parameters;evidence:mistralai-devstral-small-2-24b-instruct-2512-license;evidence:mistralai-devstral-small-2-24b-instruct-2512-context;evidence:mistralai-devstral-small-2-24b-instruct-2512-config
model:mistralai-ministral-3-3b-instruct-2512,Ministral-3-3B-Instruct-2512,Mistral AI,family:mistral,b35d4dfe56c142746f54dbd64f579faab2744308,vision-language,dense,unknown,,شمار کل با دامنهٔ یکنواخت تأیید نشده؛ شمار جزء زبانی، فعال یا ذخیره‌شده جای آن ننشسته است.,not-applicable,,known,262144,ظرفیت اعلام‌شدهٔ ناشر؛ ارزیابی کیفیت بلندمتن در این بسته ثبت نشده است.,not-evaluated,Apache-2.0,known,allowed,text-work;document-vision,evidence:mistralai-ministral-3-3b-instruct-2512-card;evidence:mistralai-ministral-3-3b-instruct-2512-metadata;evidence:mistralai-ministral-3-3b-instruct-2512-parameters;evidence:mistralai-ministral-3-3b-instruct-2512-license;evidence:mistralai-ministral-3-3b-instruct-2512-context;evidence:mistralai-ministral-3-3b-instruct-2512-config
model:mistralai-mistral-7b-instruct-v0-3,Mistral-7B-Instruct-v0.3,Mistral AI,family:mistral,c170c708c41dac9275d15a8fff4eca08d52bab71,generative,dense,known,7.0,اعداد پارامتر معرفی مدل، گرد‌شده‌اند؛ safetensors.total شمار عناصر ذخیره‌شده است و الزاماً پارامتر یکتا نیست.,not-applicable,,unknown,,برای این گونه، سقف زمینهٔ اعلام‌شده با دامنهٔ روشن در این بسته تأیید نشده؛ مقدار max_position_embeddings فقط در دادهٔ پژوهشی نگه داشته شده است.,not-evaluated,Apache-2.0,known,allowed,text-work;agents-tools,evidence:mistralai-mistral-7b-instruct-v0-3-card;evidence:mistralai-mistral-7b-instruct-v0-3-metadata;evidence:mistralai-mistral-7b-instruct-v0-3-parameters;evidence:mistralai-mistral-7b-instruct-v0-3-license;evidence:mistralai-mistral-7b-instruct-v0-3-config
model:mistralai-mistral-small-3-1-24b-instruct-2503,Mistral-Small-3.1-24B-Instruct-2503,Mistral AI,family:mistral,68faf511d618ef198fef186659617cfd2eb8e33a,vision-language,dense,known,24.0,اعداد پارامتر معرفی مدل، گرد‌شده‌اند؛ safetensors.total شمار عناصر ذخیره‌شده است و الزاماً پارامتر یکتا نیست.,not-applicable,,known,131072,ظرفیت اعلام‌شدهٔ ناشر؛ ارزیابی کیفیت بلندمتن در این بسته ثبت نشده است.,publisher-claimed,Apache-2.0,known,allowed,text-work;document-vision,evidence:mistralai-mistral-small-3-1-24b-instruct-2503-card;evidence:mistralai-mistral-small-3-1-24b-instruct-2503-metadata;evidence:mistralai-mistral-small-3-1-24b-instruct-2503-parameters;evidence:mistralai-mistral-small-3-1-24b-instruct-2503-license;evidence:mistralai-mistral-small-3-1-24b-instruct-2503-context;evidence:mistralai-mistral-small-3-1-24b-instruct-2503-config
model:nvidia-nvidia-nemotron-nano-9b-v2,NVIDIA-Nemotron-Nano-9B-v2,NVIDIA,family:nemotron,6533e8de2c68e4536bf7c411d7a3ce5734111476,generative,hybrid,known,9.0,اعداد پارامتر معرفی مدل، گرد‌شده‌اند؛ safetensors.total شمار عناصر ذخیره‌شده است و الزاماً پارامتر یکتا نیست.,unknown,,known,131072,ظرفیت اعلام‌شدهٔ ناشر؛ ارزیابی کیفیت بلندمتن در این بسته ثبت نشده است.,not-evaluated,nvidia-open-model-license,unknown,,text-work;enterprise-rag;coding-assistant;agents-tools;reasoning-analysis,evidence:nvidia-nvidia-nemotron-nano-9b-v2-card;evidence:nvidia-nvidia-nemotron-nano-9b-v2-metadata;evidence:nvidia-nvidia-nemotron-nano-9b-v2-parameters;evidence:nvidia-nvidia-nemotron-nano-9b-v2-license;evidence:nvidia-nvidia-nemotron-nano-9b-v2-context;evidence:nvidia-nvidia-nemotron-nano-9b-v2-config
model:openai-gpt-oss-120b,gpt-oss-120b,OpenAI,family:gpt-oss,b5c939de8f754692c1647ca79fbf85e8c1e70f8a,generative,moe,known,117.0,اعداد پارامتر معرفی مدل، گرد‌شده‌اند؛ safetensors.total شمار عناصر ذخیره‌شده است و الزاماً پارامتر یکتا نیست.,known,5.1,unknown,,برای این گونه، سقف زمینهٔ اعلام‌شده با دامنهٔ روشن در این بسته تأیید نشده؛ مقدار max_position_embeddings فقط در دادهٔ پژوهشی نگه داشته شده است.,not-evaluated,Apache-2.0,known,allowed,text-work;reasoning-analysis;agents-tools;structured-extraction,evidence:openai-gpt-oss-120b-card;evidence:openai-gpt-oss-120b-metadata;evidence:openai-gpt-oss-120b-parameters;evidence:openai-gpt-oss-120b-license;evidence:openai-gpt-oss-120b-config
model:openai-gpt-oss-20b,gpt-oss-20b,OpenAI,family:gpt-oss,6cee5e81ee83917806bbde320786a8fb61efebee,generative,moe,known,21.0,اعداد پارامتر معرفی مدل، گرد‌شده‌اند؛ safetensors.total شمار عناصر ذخیره‌شده است و الزاماً پارامتر یکتا نیست.,known,3.6,unknown,,برای این گونه، سقف زمینهٔ اعلام‌شده با دامنهٔ روشن در این بسته تأیید نشده؛ مقدار max_position_embeddings فقط در دادهٔ پژوهشی نگه داشته شده است.,not-evaluated,Apache-2.0,known,allowed,text-work;reasoning-analysis;agents-tools;structured-extraction,evidence:openai-gpt-oss-20b-card;evidence:openai-gpt-oss-20b-metadata;evidence:openai-gpt-oss-20b-parameters;evidence:openai-gpt-oss-20b-license;evidence:openai-gpt-oss-20b-config
model:zai-org-glm-4-7-flash,GLM-4.7-Flash,Z.ai,family:glm,7dd20894a642a0aa287e9827cb1a1f7f91386b67,generative,moe,known,30.0,اعداد پارامتر معرفی مدل، گرد‌شده‌اند؛ safetensors.total شمار عناصر ذخیره‌شده است و الزاماً پارامتر یکتا نیست.,known,3.0,unknown,,برای این گونه، سقف زمینهٔ اعلام‌شده با دامنهٔ روشن در این بسته تأیید نشده؛ مقدار max_position_embeddings فقط در دادهٔ پژوهشی نگه داشته شده است.,not-evaluated,MIT,known,allowed,text-work;coding-assistant;agents-tools;reasoning-analysis,evidence:zai-org-glm-4-7-flash-card;evidence:zai-org-glm-4-7-flash-metadata;evidence:zai-org-glm-4-7-flash-parameters;evidence:zai-org-glm-4-7-flash-license;evidence:zai-org-glm-4-7-flash-config
